app/Repositories/ReportDeliveryRepository.php	5b3d06f24511af7c0033f2c4141cc516d1791f91d98cdf03ea6eed11004b8c7b
app/Repositories/ReportDeliveryWorkerRepository.php	d4ea47b64b70a0e37a1dd1693ec0098795012849d3eb734f6e7af96b9e6cabf3
app/Services/PhilipsFolderDeliveryService.php	5c30704105564baa173c8510b355121c5089b3d605b86887e5345a7dfb15df71
app/Services/PhilipsFolderGatewayBridgeClient.php	ddf3f543fde27cb43f0212f04adf896bb781789cb69fbf667a192e0a1799375b
app/Services/PhilipsSubmissionPackageProducer.php	6780c931f8937d3917946aaa4210509e8ae9854874070e4e9ab4eb9d4474a3e1
bin/report_delivery_worker.php	0402c2440fd376c26e5fef2bc6a36f0017eccdea657295a1e22ccdb6a9dc0b1f
.htaccess	9c02422b6a5c7bf0ff0a3575a5241c9097a30551182c364a57f4a1efebab6f69
app/Services/ActiveDestinationResolutionException.php	0226784abbea3e9f667bee9ed5a96b53bb9b3e1522f2374415422fe28d8ea81a
app/Services/ActiveDestinationResolver.php	49a9dbd34822e69e79552e2f265bf0aa507b398326cc92ba60c07d8d2c486ec2
composer.json	6911012139005aca07c644b7fdbc1221eb2f34c56f09269e3a8aef7e86e668b0
composer.lock	f2d638c411aa3bc6b4bc0b5b6967f03b4beaf72e1b5ff116204c0fbf5539c087
